﻿
IF OBJECT_ID('MTCONN', 'U') IS NOT NULL DROP TABLE MTCONN;
IF OBJECT_ID('TRANSLATER', 'U') IS NOT NULL DROP TABLE TRANSLATER;
IF OBJECT_ID('MANGA', 'U') IS NOT NULL DROP TABLE MANGA;
IF OBJECT_ID('MANGAKA', 'U') IS NOT NULL DROP TABLE MANGAKA;
IF OBJECT_ID('PUBLISHER', 'U') IS NOT NULL DROP TABLE PUBLISHER;
GO

CREATE TABLE PUBLISHER (
    [PUBLISHERID]   NUMERIC (4)   NOT NULL,
    [PUBLISHERNAME] NVARCHAR (42) NOT NULL,
    [PLANGUAGE]     NVARCHAR (20) NULL,
    [STARTDATE]     DATETIME      NULL,
    CONSTRAINT [PUBLISHER_PRIMARY_KEY] PRIMARY KEY CLUSTERED ([PUBLISHERID])
);

GO

INSERT INTO [PUBLISHER] ([PUBLISHERID], [PUBLISHERNAME], [PLANGUAGE], [STARTDATE]) VALUES (CAST(1 AS Decimal(4, 0)), N'Shueisha', N'japán', N'1925-01-01 00:00:00')
INSERT INTO [PUBLISHER] ([PUBLISHERID], [PUBLISHERNAME], [PLANGUAGE], [STARTDATE]) VALUES (CAST(2 AS Decimal(4, 0)), N'Del Rey', N'japán', N'1977-01-01 00:00:00')
INSERT INTO [PUBLISHER] ([PUBLISHERID], [PUBLISHERNAME], [PLANGUAGE], [STARTDATE]) VALUES (CAST(3 AS Decimal(4, 0)), N'Naver', N'koreai', N'1999-01-01 00:00:00')
INSERT INTO [PUBLISHER] ([PUBLISHERID], [PUBLISHERNAME], [PLANGUAGE], [STARTDATE]) VALUES (CAST(4 AS Decimal(4, 0)), N'Kodansha', N'japán', N'1938-01-01 00:00:00')

GO

CREATE TABLE MANGAKA (
    [MANGAKAID]   NUMERIC (4)   NOT NULL,
    [MANGAKANAME] NVARCHAR (42) NULL,
    [SEX]         NVARCHAR (9)  NULL,
    [BIRTHDATE]   DATETIME      NULL,
    [ADDRESSCITY] NVARCHAR (20) NULL,
    [NATION]      NVARCHAR (20) NULL,
    [PUBLISHERID] NUMERIC (4)   NULL,
    CONSTRAINT [MANGAKA_PRIMARY_KEY] PRIMARY KEY CLUSTERED ([MANGAKAID]),
    CONSTRAINT [MANGAKA_FOREIGN_KEY] FOREIGN KEY ([PUBLISHERID]) REFERENCES [PUBLISHER] ([PUBLISHERID])
);

GO

INSERT INTO [MANGAKA] ([MANGAKAID], [MANGAKANAME], [SEX], [BIRTHDATE], [ADDRESSCITY], [NATION], [PUBLISHERID]) VALUES (CAST(1 AS Decimal(4, 0)), N'Masashi Kishimoto', N'Male', N'1974-11-08 00:00:00', N'Nagi, Okayama', N'Japán', CAST(1 AS Decimal(4, 0)))
INSERT INTO [MANGAKA] ([MANGAKAID], [MANGAKANAME], [SEX], [BIRTHDATE], [ADDRESSCITY], [NATION], [PUBLISHERID]) VALUES (CAST(2 AS Decimal(4, 0)), N'Hiro Mashima', N'Male', N'1977-05-03 00:00:00', N'Nagano', N'Japán', CAST(2 AS Decimal(4, 0)))
INSERT INTO [MANGAKA] ([MANGAKAID], [MANGAKANAME], [SEX], [BIRTHDATE], [ADDRESSCITY], [NATION], [PUBLISHERID]) VALUES (CAST(3 AS Decimal(4, 0)), N'Yun Hyunseok', N'Male', NULL, N'Seoul', N'Dél-Korea', CAST(3 AS Decimal(4, 0)))
INSERT INTO [MANGAKA] ([MANGAKAID], [MANGAKANAME], [SEX], [BIRTHDATE], [ADDRESSCITY], [NATION], [PUBLISHERID]) VALUES (CAST(4 AS Decimal(4, 0)), N'Ichigo Takano', N'Male', N'1986-01-11 00:00:00', N'Nagano', N'Japán', CAST(1 AS Decimal(4, 0)))
INSERT INTO [MANGAKA] ([MANGAKAID], [MANGAKANAME], [SEX], [BIRTHDATE], [ADDRESSCITY], [NATION], [PUBLISHERID]) VALUES (CAST(5 AS Decimal(4, 0)), N'CLAMP', NULL, N'1987-01-01 00:00:00', NULL, N'Japán', CAST(4 AS Decimal(4, 0)))

GO

CREATE TABLE MANGA (
    [MANGAID]        NUMERIC (5)   NOT NULL,
    [MANGANAME]      NVARCHAR (42) NOT NULL,
    [MANGAPUBLISHER] NUMERIC (4)   NULL,
    [MANGA_MANGAKA]  NUMERIC (4)   NULL,
    [PUBLISHDATE]    DATETIME      NULL,
    [MLANGUAGE]      NVARCHAR (20) NULL,
    CONSTRAINT [MANGA_PRIMARY_KEY] PRIMARY KEY CLUSTERED ([MANGAID]),
    CONSTRAINT [MANGA_FOREIGN_KEY] FOREIGN KEY ([MANGAPUBLISHER]) REFERENCES [PUBLISHER] ([PUBLISHERID]),
    CONSTRAINT [MANGA_FOREIGN_KEY2] FOREIGN KEY ([MANGA_MANGAKA]) REFERENCES [MANGAKA] ([MANGAKAID])
);

GO

INSERT INTO [MANGA] ([MANGAID], [MANGANAME], [MANGAPUBLISHER], [MANGA_MANGAKA], [PUBLISHDATE], [MLANGUAGE]) VALUES (CAST(1 AS Decimal(5, 0)), N'Naruto', CAST(1 AS Decimal(4, 0)), CAST(1 AS Decimal(4, 0)), N'1999-01-01 00:00:00', N'japán')
INSERT INTO [MANGA] ([MANGAID], [MANGANAME], [MANGAPUBLISHER], [MANGA_MANGAKA], [PUBLISHDATE], [MLANGUAGE]) VALUES (CAST(2 AS Decimal(5, 0)), N'Fairy Tail', CAST(2 AS Decimal(4, 0)), CAST(2 AS Decimal(4, 0)), N'2006-08-23 00:00:00', N'japán')
INSERT INTO [MANGA] ([MANGAID], [MANGANAME], [MANGAPUBLISHER], [MANGA_MANGAKA], [PUBLISHDATE], [MLANGUAGE]) VALUES (CAST(3 AS Decimal(5, 0)), N'Orange', CAST(1 AS Decimal(4, 0)), CAST(4 AS Decimal(4, 0)), N'2012-03-13 00:00:00', N'japán')
INSERT INTO [MANGA] ([MANGAID], [MANGANAME], [MANGAPUBLISHER], [MANGA_MANGAKA], [PUBLISHDATE], [MLANGUAGE]) VALUES (CAST(4 AS Decimal(5, 0)), N'DICE', CAST(3 AS Decimal(4, 0)), CAST(3 AS Decimal(4, 0)), N'2013-01-01 00:00:00', N'koreai')
INSERT INTO [MANGA] ([MANGAID], [MANGANAME], [MANGAPUBLISHER], [MANGA_MANGAKA], [PUBLISHDATE], [MLANGUAGE]) VALUES (CAST(5 AS Decimal(5, 0)), N'Tsubasa: Reservoir Chronicle', CAST(4 AS Decimal(4, 0)), CAST(5 AS Decimal(4, 0)), N'2003-01-01 00:00:00', N'japán')

GO

CREATE TABLE TRANSLATER (
    [TRANID]    NUMERIC (4)   NOT NULL,
    [TNAME]     NVARCHAR (42) NULL,
    [TSKILL]    NUMERIC (1)   NULL,
    [TLANGUAGE] NVARCHAR (20) NULL,
    CONSTRAINT [TRANSLATER_PRIMARY_KEY] PRIMARY KEY CLUSTERED ([TRANID])
);

GO

INSERT INTO [TRANSLATER] ([TRANID], [TNAME], [TSKILL], [TLANGUAGE]) VALUES (CAST(1 AS Decimal(4, 0)), N'MangaFan', CAST(9 AS Decimal(1, 0)), N'magyar')
INSERT INTO [TRANSLATER] ([TRANID], [TNAME], [TSKILL], [TLANGUAGE]) VALUES (CAST(2 AS Decimal(4, 0)), N'Akmak', CAST(1 AS Decimal(1, 0)), N'magyar')
INSERT INTO [TRANSLATER] ([TRANID], [TNAME], [TSKILL], [TLANGUAGE]) VALUES (CAST(3 AS Decimal(4, 0)), N'Urahara shop', CAST(8 AS Decimal(1, 0)), N'magyar')
INSERT INTO [TRANSLATER] ([TRANID], [TNAME], [TSKILL], [TLANGUAGE]) VALUES (CAST(4 AS Decimal(4, 0)), N'Tenshi no Tsubasa', CAST(7 AS Decimal(1, 0)), N'magyar')
INSERT INTO [TRANSLATER] ([TRANID], [TNAME], [TSKILL], [TLANGUAGE]) VALUES (CAST(5 AS Decimal(4, 0)), N'Tsukino Chou', CAST(5 AS Decimal(1, 0)), N'magyar')

GO

CREATE TABLE MTCONN (
    [CONNID] NUMERIC (4) NOT NULL,
    [TID]    NUMERIC (4) NOT NULL,
    [MID]    NUMERIC (5) NOT NULL,
    CONSTRAINT [MTCONN_PRIMARY_KEY] PRIMARY KEY CLUSTERED ([CONNID]),
    CONSTRAINT [MTCONN_FOREIGN_KEY] FOREIGN KEY ([TID]) REFERENCES [TRANSLATER] ([TRANID]),
    CONSTRAINT [MTCONN_FOREIGN_KEY2] FOREIGN KEY ([MID]) REFERENCES [MANGA] ([MANGAID])

);

GO

INSERT INTO [MTCONN] ([CONNID], [TID], [MID]) VALUES (CAST(1 AS Decimal(4, 0)), CAST(1 AS Decimal(4, 0)), CAST(1 AS Decimal(5, 0)))
INSERT INTO [MTCONN] ([CONNID], [TID], [MID]) VALUES (CAST(2 AS Decimal(4, 0)), CAST(2 AS Decimal(4, 0)), CAST(4 AS Decimal(5, 0)))
INSERT INTO [MTCONN] ([CONNID], [TID], [MID]) VALUES (CAST(3 AS Decimal(4, 0)), CAST(3 AS Decimal(4, 0)), CAST(2 AS Decimal(5, 0)))
INSERT INTO [MTCONN] ([CONNID], [TID], [MID]) VALUES (CAST(4 AS Decimal(4, 0)), CAST(4 AS Decimal(4, 0)), CAST(5 AS Decimal(5, 0)))
INSERT INTO [MTCONN] ([CONNID], [TID], [MID]) VALUES (CAST(5 AS Decimal(4, 0)), CAST(5 AS Decimal(4, 0)), CAST(5 AS Decimal(5, 0)))
INSERT INTO [MTCONN] ([CONNID], [TID], [MID]) VALUES (CAST(6 AS Decimal(4, 0)), CAST(3 AS Decimal(4, 0)), CAST(1 AS Decimal(5, 0)))

GO